Nucleus,Z,A,delta_NS
10C,6,10,0.00143
14O,8,14,0.00237
22Mg,12,22,0.00287
26Al,13,26,0.00310
34Cl,17,34,0.00387
38K,19,38,0.00399
42Sc,21,42,0.00449
46V,23,46,0.00473
50Mn,25,50,0.00502
54Co,27,54,0.00521
62Ga,31,62,0.00586
74Rb,37,74,0.00634
